{"train_step": 2500, "train_loss": 0.00735221681650728, "train_acc_image": 0.909375, "train_acc_text": 0.915625, "_timestamp": 1669783954.7897527, "_runtime": 14284.751940727234, "_step": 279, "epoch": 9, "val_loss": 0.012435158771295907, "val_acc_img": 0.9783725064191191, "val_acc_text": 0.9801007307920205, "test_loss": 0.4904793412584695, "test_acc_img": 0.105, "test_acc_text": 0.29, "_wandb": {"runtime": 14284}}