{"train_step": 2500, "train_loss": 0.007631176274735481, "train_acc_image": 0.905625, "train_acc_text": 0.9075, "_timestamp": 1669798431.0544524, "_runtime": 14401.849354505539, "_step": 279, "epoch": 9, "val_loss": 0.01243165315386086, "val_acc_img": 0.9784218842583449, "val_acc_text": 0.9801007307920205, "test_loss": 0.4899524449906676, "test_acc_img": 0.1125, "test_acc_text": 0.285, "_wandb": {"runtime": 14401}}